开奖日期,期号,开奖号,试机号_彩宝网,来源
2023-08-13,2023215,480,738,https://www.8200.cn/kjh/p3/2023215.htm
2023-08-14,2023216,138,987,https://www.8200.cn/kjh/p3/2023216.htm
2023-08-15,2023217,748,531,https://www.8200.cn/kjh/p3/2023217.htm
2023-08-16,2023218,942,168,https://www.8200.cn/kjh/p3/2023218.htm
2023-08-17,2023219,738,236,https://www.8200.cn/kjh/p3/2023219.htm
2023-08-18,2023220,035,214,https://www.8200.cn/kjh/p3/2023220.htm
2023-08-19,2023221,649,472,https://www.8200.cn/kjh/p3/2023221.htm
2023-08-20,2023222,977,194,https://www.8200.cn/kjh/p3/2023222.htm
2023-08-21,2023223,740,259,https://www.8200.cn/kjh/p3/2023223.htm
2023-08-22,2023224,374,972,https://www.8200.cn/kjh/p3/2023224.htm
2023-08-23,2023225,118,425,https://www.8200.cn/kjh/p3/2023225.htm
2023-08-24,2023226,535,958,https://www.8200.cn/kjh/p3/2023226.htm
2023-08-25,2023227,901,570,https://www.8200.cn/kjh/p3/2023227.htm
2023-08-26,2023228,773,689,https://www.8200.cn/kjh/p3/2023228.htm
2023-08-27,2023229,678,619,https://www.8200.cn/kjh/p3/2023229.htm
2023-08-28,2023230,949,317,https://www.8200.cn/kjh/p3/2023230.htm
2023-08-29,2023231,365,681,https://www.8200.cn/kjh/p3/2023231.htm
2023-08-30,2023232,860,326,https://www.8200.cn/kjh/p3/2023232.htm
2023-08-31,2023233,124,483,https://www.8200.cn/kjh/p3/2023233.htm
2023-09-01,2023234,805,520,https://www.8200.cn/kjh/p3/2023234.htm
2023-09-02,2023235,424,620,https://www.8200.cn/kjh/p3/2023235.htm
2023-09-03,2023236,270,549,https://www.8200.cn/kjh/p3/2023236.htm
2023-09-04,2023237,798,670,https://www.8200.cn/kjh/p3/2023237.htm
2023-09-05,2023238,562,851,https://www.8200.cn/kjh/p3/2023238.htm
2023-09-06,2023239,440,968,https://www.8200.cn/kjh/p3/2023239.htm
2023-09-07,2023240,702,198,https://www.8200.cn/kjh/p3/2023240.htm
2023-09-08,2023241,935,259,https://www.8200.cn/kjh/p3/2023241.htm
2023-09-09,2023242,987,816,https://www.8200.cn/kjh/p3/2023242.htm
2023-09-10,2023243,966,480,https://www.8200.cn/kjh/p3/2023243.htm
2023-09-11,2023244,315,792,https://www.8200.cn/kjh/p3/2023244.htm
2023-09-12,2023245,480,718,https://www.8200.cn/kjh/p3/2023245.htm
2023-09-13,2023246,422,975,https://www.8200.cn/kjh/p3/2023246.htm
2023-09-14,2023247,937,978,https://www.8200.cn/kjh/p3/2023247.htm
2023-09-15,2023248,696,786,https://www.8200.cn/kjh/p3/2023248.htm
2023-09-16,2023249,039,541,https://www.8200.cn/kjh/p3/2023249.htm
2023-09-17,2023250,180,236,https://www.8200.cn/kjh/p3/2023250.htm
2023-09-18,2023251,736,710,https://www.8200.cn/kjh/p3/2023251.htm
2023-09-19,2023252,961,925,https://www.8200.cn/kjh/p3/2023252.htm
2023-09-20,2023253,986,841,https://www.8200.cn/kjh/p3/2023253.htm
2023-09-21,2023254,991,518,https://www.8200.cn/kjh/p3/2023254.htm
2023-09-22,2023255,056,613,https://www.8200.cn/kjh/p3/2023255.htm
2023-09-23,2023256,840,709,https://www.8200.cn/kjh/p3/2023256.htm
2023-09-24,2023257,908,981,https://www.8200.cn/kjh/p3/2023257.htm
2023-09-25,2023258,915,716,https://www.8200.cn/kjh/p3/2023258.htm
2023-09-26,2023259,088,264,https://www.8200.cn/kjh/p3/2023259.htm
2023-09-27,2023260,247,539,https://www.8200.cn/kjh/p3/2023260.htm
2023-09-28,2023261,930,495,https://www.8200.cn/kjh/p3/2023261.htm
2023-09-29,2023262,717,213,https://www.8200.cn/kjh/p3/2023262.htm
2023-09-30,2023263,993,702,https://www.8200.cn/kjh/p3/2023263.htm
2023-10-05,2023264,925,932,https://www.8200.cn/kjh/p3/2023264.htm
2023-10-06,2023265,224,312,https://www.8200.cn/kjh/p3/2023265.htm
2023-10-07,2023266,133,287,https://www.8200.cn/kjh/p3/2023266.htm
2023-10-08,2023267,554,584,https://www.8200.cn/kjh/p3/2023267.htm
2023-10-09,2023268,975,491,https://www.8200.cn/kjh/p3/2023268.htm
2023-10-10,2023269,234,695,https://www.8200.cn/kjh/p3/2023269.htm
2023-10-11,2023270,355,834,https://www.8200.cn/kjh/p3/2023270.htm
2023-10-12,2023271,096,276,https://www.8200.cn/kjh/p3/2023271.htm
2023-10-13,2023272,419,420,https://www.8200.cn/kjh/p3/2023272.htm
2023-10-14,2023273,121,520,https://www.8200.cn/kjh/p3/2023273.htm
2023-10-15,2023274,669,137,https://www.8200.cn/kjh/p3/2023274.htm
2023-10-16,2023275,984,673,https://www.8200.cn/kjh/p3/2023275.htm
2023-10-17,2023276,606,245,https://www.8200.cn/kjh/p3/2023276.htm
2023-10-18,2023277,028,701,https://www.8200.cn/kjh/p3/2023277.htm
2023-10-19,2023278,070,492,https://www.8200.cn/kjh/p3/2023278.htm
2023-10-20,2023279,391,639,https://www.8200.cn/kjh/p3/2023279.htm
2023-10-21,2023280,601,841,https://www.8200.cn/kjh/p3/2023280.htm
2023-10-22,2023281,344,254,https://www.8200.cn/kjh/p3/2023281.htm
2023-10-23,2023282,308,907,https://www.8200.cn/kjh/p3/2023282.htm
2023-10-24,2023283,029,621,https://www.8200.cn/kjh/p3/2023283.htm
2023-10-25,2023284,382,519,https://www.8200.cn/kjh/p3/2023284.htm
2023-10-26,2023285,716,479,https://www.8200.cn/kjh/p3/2023285.htm
2023-10-27,2023286,116,251,https://www.8200.cn/kjh/p3/2023286.htm
2023-10-28,2023287,894,726,https://www.8200.cn/kjh/p3/2023287.htm
2023-10-29,2023288,314,639,https://www.8200.cn/kjh/p3/2023288.htm
2023-10-30,2023289,998,340,https://www.8200.cn/kjh/p3/2023289.htm
2023-10-31,2023290,154,413,https://www.8200.cn/kjh/p3/2023290.htm
2023-11-01,2023291,150,503,https://www.8200.cn/kjh/p3/2023291.htm
2023-11-02,2023292,968,890,https://www.8200.cn/kjh/p3/2023292.htm
2023-11-03,2023293,434,938,https://www.8200.cn/kjh/p3/2023293.htm
2023-11-04,2023294,667,160,https://www.8200.cn/kjh/p3/2023294.htm
2023-11-05,2023295,882,546,https://www.8200.cn/kjh/p3/2023295.htm
2023-11-06,2023296,807,802,https://www.8200.cn/kjh/p3/2023296.htm
2023-11-07,2023297,761,871,https://www.8200.cn/kjh/p3/2023297.htm
2023-11-08,2023298,365,679,https://www.8200.cn/kjh/p3/2023298.htm
2023-11-09,2023299,808,437,https://www.8200.cn/kjh/p3/2023299.htm
2023-11-10,2023300,296,105,https://www.8200.cn/kjh/p3/2023300.htm
2023-11-11,2023301,041,713,https://www.8200.cn/kjh/p3/2023301.htm
2023-11-12,2023302,161,876,https://www.8200.cn/kjh/p3/2023302.htm
2023-11-13,2023303,572,902,https://www.8200.cn/kjh/p3/2023303.htm
2023-11-14,2023304,728,814,https://www.8200.cn/kjh/p3/2023304.htm
2023-11-15,2023305,679,468,https://www.8200.cn/kjh/p3/2023305.htm
2023-11-16,2023306,330,578,https://www.8200.cn/kjh/p3/2023306.htm
2023-11-17,2023307,936,529,https://www.8200.cn/kjh/p3/2023307.htm
2023-11-18,2023308,619,928,https://www.8200.cn/kjh/p3/2023308.htm
2023-11-19,2023309,329,385,https://www.8200.cn/kjh/p3/2023309.htm
2023-11-20,2023310,417,910,https://www.8200.cn/kjh/p3/2023310.htm
2023-11-21,2023311,583,704,https://www.8200.cn/kjh/p3/2023311.htm
2023-11-22,2023312,442,278,https://www.8200.cn/kjh/p3/2023312.htm
2023-11-23,2023313,414,192,https://www.8200.cn/kjh/p3/2023313.htm
2023-11-24,2023314,355,716,https://www.8200.cn/kjh/p3/2023314.htm
2023-11-25,2023315,747,329,https://www.8200.cn/kjh/p3/2023315.htm
2023-11-26,2023316,234,639,https://www.8200.cn/kjh/p3/2023316.htm
2023-11-27,2023317,397,912,https://www.8200.cn/kjh/p3/2023317.htm
2023-11-28,2023318,790,642,https://www.8200.cn/kjh/p3/2023318.htm
2023-11-29,2023319,965,498,https://www.8200.cn/kjh/p3/2023319.htm
2023-11-30,2023320,697,240,https://www.8200.cn/kjh/p3/2023320.htm
2023-12-01,2023321,211,746,https://www.8200.cn/kjh/p3/2023321.htm
2023-12-02,2023322,174,972,https://www.8200.cn/kjh/p3/2023322.htm
2023-12-03,2023323,945,809,https://www.8200.cn/kjh/p3/2023323.htm
2023-12-04,2023324,602,583,https://www.8200.cn/kjh/p3/2023324.htm
2023-12-05,2023325,717,537,https://www.8200.cn/kjh/p3/2023325.htm
2023-12-06,2023326,790,318,https://www.8200.cn/kjh/p3/2023326.htm
2023-12-07,2023327,314,267,https://www.8200.cn/kjh/p3/2023327.htm
2023-12-08,2023328,882,478,https://www.8200.cn/kjh/p3/2023328.htm
2023-12-09,2023329,289,254,https://www.8200.cn/kjh/p3/2023329.htm
2023-12-10,2023330,531,529,https://www.8200.cn/kjh/p3/2023330.htm
2023-12-11,2023331,402,783,https://www.8200.cn/kjh/p3/2023331.htm
2023-12-12,2023332,667,524,https://www.8200.cn/kjh/p3/2023332.htm
2023-12-13,2023333,989,106,https://www.8200.cn/kjh/p3/2023333.htm
2023-12-14,2023334,587,695,https://www.8200.cn/kjh/p3/2023334.htm
2023-12-15,2023335,047,652,https://www.8200.cn/kjh/p3/2023335.htm
2023-12-16,2023336,821,830,https://www.8200.cn/kjh/p3/2023336.htm
2023-12-17,2023337,846,407,https://www.8200.cn/kjh/p3/2023337.htm
2023-12-18,2023338,380,827,https://www.8200.cn/kjh/p3/2023338.htm
2023-12-19,2023339,482,571,https://www.8200.cn/kjh/p3/2023339.htm
2023-12-20,2023340,089,651,https://www.8200.cn/kjh/p3/2023340.htm
2023-12-21,2023341,341,730,https://www.8200.cn/kjh/p3/2023341.htm
2023-12-22,2023342,978,981,https://www.8200.cn/kjh/p3/2023342.htm
2023-12-23,2023343,730,140,https://www.8200.cn/kjh/p3/2023343.htm
2023-12-24,2023344,801,253,https://www.8200.cn/kjh/p3/2023344.htm
2023-12-25,2023345,678,579,https://www.8200.cn/kjh/p3/2023345.htm
2023-12-26,2023346,258,837,https://www.8200.cn/kjh/p3/2023346.htm
2023-12-27,2023347,742,279,https://www.8200.cn/kjh/p3/2023347.htm
2023-12-28,2023348,597,638,https://www.8200.cn/kjh/p3/2023348.htm
2023-12-29,2023349,923,768,https://www.8200.cn/kjh/p3/2023349.htm
2023-12-30,2023350,197,935,https://www.8200.cn/kjh/p3/2023350.htm
2023-12-31,2023351,571,786,https://www.8200.cn/kjh/p3/2023351.htm
2024-01-01,2024001,403,047,https://www.8200.cn/kjh/p3/2024001.htm
2024-01-02,2024002,544,894,https://www.8200.cn/kjh/p3/2024002.htm
2024-01-03,2024003,666,918,https://www.8200.cn/kjh/p3/2024003.htm
2024-01-04,2024004,665,954,https://www.8200.cn/kjh/p3/2024004.htm
2024-01-05,2024005,259,138,https://www.8200.cn/kjh/p3/2024005.htm
2024-01-06,2024006,284,937,https://www.8200.cn/kjh/p3/2024006.htm
2024-01-07,2024007,888,829,https://www.8200.cn/kjh/p3/2024007.htm
2024-01-08,2024008,405,276,https://www.8200.cn/kjh/p3/2024008.htm
2024-01-09,2024009,815,843,https://www.8200.cn/kjh/p3/2024009.htm
2024-01-10,2024010,281,947,https://www.8200.cn/kjh/p3/2024010.htm
2024-01-11,2024011,080,524,https://www.8200.cn/kjh/p3/2024011.htm
2024-01-12,2024012,081,613,https://www.8200.cn/kjh/p3/2024012.htm
2024-01-13,2024013,985,038,https://www.8200.cn/kjh/p3/2024013.htm
2024-01-14,2024014,187,950,https://www.8200.cn/kjh/p3/2024014.htm
2024-01-15,2024015,475,628,https://www.8200.cn/kjh/p3/2024015.htm
2024-01-16,2024016,702,169,https://www.8200.cn/kjh/p3/2024016.htm
2024-01-17,2024017,555,739,https://www.8200.cn/kjh/p3/2024017.htm
2024-01-18,2024018,859,513,https://www.8200.cn/kjh/p3/2024018.htm
2024-01-19,2024019,313,548,https://www.8200.cn/kjh/p3/2024019.htm
2024-01-20,2024020,406,405,https://www.8200.cn/kjh/p3/2024020.htm
2024-01-21,2024021,370,218,https://www.8200.cn/kjh/p3/2024021.htm
2024-01-22,2024022,124,403,https://www.8200.cn/kjh/p3/2024022.htm
2024-01-23,2024023,793,384,https://www.8200.cn/kjh/p3/2024023.htm
2024-01-24,2024024,199,904,https://www.8200.cn/kjh/p3/2024024.htm
2024-01-25,2024025,314,968,https://www.8200.cn/kjh/p3/2024025.htm
2024-01-26,2024026,751,402,https://www.8200.cn/kjh/p3/2024026.htm
2024-01-27,2024027,502,814,https://www.8200.cn/kjh/p3/2024027.htm
2024-01-28,2024028,259,703,https://www.8200.cn/kjh/p3/2024028.htm
2024-01-29,2024029,575,413,https://www.8200.cn/kjh/p3/2024029.htm
2024-01-30,2024030,951,902,https://www.8200.cn/kjh/p3/2024030.htm
2024-01-31,2024031,682,549,https://www.8200.cn/kjh/p3/2024031.htm
2024-02-01,2024032,805,908,https://www.8200.cn/kjh/p3/2024032.htm
2024-02-02,2024033,739,713,https://www.8200.cn/kjh/p3/2024033.htm
2024-02-03,2024034,017,576,https://www.8200.cn/kjh/p3/2024034.htm
2024-02-04,2024035,306,408,https://www.8200.cn/kjh/p3/2024035.htm
2024-02-05,2024036,547,261,https://www.8200.cn/kjh/p3/2024036.htm
2024-02-06,2024037,910,298,https://www.8200.cn/kjh/p3/2024037.htm
2024-02-07,2024038,529,823,https://www.8200.cn/kjh/p3/2024038.htm
2024-02-18,2024039,508,624,https://www.8200.cn/kjh/p3/2024039.htm
2024-02-19,2024040,514,802,https://www.8200.cn/kjh/p3/2024040.htm
2024-02-20,2024041,905,847,https://www.8200.cn/kjh/p3/2024041.htm
2024-02-21,2024042,342,948,https://www.8200.cn/kjh/p3/2024042.htm
2024-02-22,2024043,296,609,https://www.8200.cn/kjh/p3/2024043.htm
2024-02-23,2024044,885,517,https://www.8200.cn/kjh/p3/2024044.htm
2024-02-24,2024045,757,801,https://www.8200.cn/kjh/p3/2024045.htm
2024-02-25,2024046,702,924,https://www.8200.cn/kjh/p3/2024046.htm
2024-02-26,2024047,760,627,https://www.8200.cn/kjh/p3/2024047.htm
2024-02-27,2024048,396,628,https://www.8200.cn/kjh/p3/2024048.htm
2024-02-28,2024049,631,174,https://www.8200.cn/kjh/p3/2024049.htm
2024-02-29,2024050,495,917,https://www.8200.cn/kjh/p3/2024050.htm
2024-03-01,2024051,674,524,https://www.8200.cn/kjh/p3/2024051.htm
2024-03-02,2024052,995,547,https://www.8200.cn/kjh/p3/2024052.htm
2024-03-03,2024053,958,217,https://www.8200.cn/kjh/p3/2024053.htm
2024-03-04,2024054,221,348,https://www.8200.cn/kjh/p3/2024054.htm
2024-03-05,2024055,173,310,https://www.8200.cn/kjh/p3/2024055.htm
2024-03-06,2024056,788,267,https://www.8200.cn/kjh/p3/2024056.htm
2024-03-07,2024057,765,612,https://www.8200.cn/kjh/p3/2024057.htm
2024-03-08,2024058,065,183,https://www.8200.cn/kjh/p3/2024058.htm
2024-03-09,2024059,629,984,https://www.8200.cn/kjh/p3/2024059.htm
2024-03-10,2024060,357,307,https://www.8200.cn/kjh/p3/2024060.htm
2024-03-11,2024061,250,824,https://www.8200.cn/kjh/p3/2024061.htm
2024-03-12,2024062,784,713,https://www.8200.cn/kjh/p3/2024062.htm
2024-03-13,2024063,651,640,https://www.8200.cn/kjh/p3/2024063.htm
2024-03-14,2024064,132,473,https://www.8200.cn/kjh/p3/2024064.htm
2024-03-15,2024065,903,267,https://www.8200.cn/kjh/p3/2024065.htm
2024-03-16,2024066,803,568,https://www.8200.cn/kjh/p3/2024066.htm
2024-03-17,2024067,549,682,https://www.8200.cn/kjh/p3/2024067.htm
2024-03-18,2024068,239,580,https://www.8200.cn/kjh/p3/2024068.htm
2024-03-19,2024069,411,712,https://www.8200.cn/kjh/p3/2024069.htm
2024-03-20,2024070,891,812,https://www.8200.cn/kjh/p3/2024070.htm
2024-03-21,2024071,258,826,https://www.8200.cn/kjh/p3/2024071.htm
2024-03-22,2024072,341,947,https://www.8200.cn/kjh/p3/2024072.htm
2024-03-23,2024073,590,951,https://www.8200.cn/kjh/p3/2024073.htm
2024-03-24,2024074,629,604,https://www.8200.cn/kjh/p3/2024074.htm
2024-03-25,2024075,285,703,https://www.8200.cn/kjh/p3/2024075.htm
2024-03-26,2024076,968,493,https://www.8200.cn/kjh/p3/2024076.htm
2024-03-27,2024077,626,624,https://www.8200.cn/kjh/p3/2024077.htm
2024-03-28,2024078,126,954,https://www.8200.cn/kjh/p3/2024078.htm
2024-03-29,2024079,889,893,https://www.8200.cn/kjh/p3/2024079.htm
2024-03-30,2024080,012,927,https://www.8200.cn/kjh/p3/2024080.htm
2024-03-31,2024081,928,930,https://www.8200.cn/kjh/p3/2024081.htm
2024-04-01,2024082,571,719,https://www.8200.cn/kjh/p3/2024082.htm
2024-04-02,2024083,232,371,https://www.8200.cn/kjh/p3/2024083.htm
2024-04-03,2024084,549,513,https://www.8200.cn/kjh/p3/2024084.htm
2024-04-04,2024085,493,620,https://www.8200.cn/kjh/p3/2024085.htm
2024-04-05,2024086,278,917,https://www.8200.cn/kjh/p3/2024086.htm
2024-04-06,2024087,161,256,https://www.8200.cn/kjh/p3/2024087.htm
2024-04-07,2024088,819,350,https://www.8200.cn/kjh/p3/2024088.htm
2024-04-08,2024089,117,268,https://www.8200.cn/kjh/p3/2024089.htm
2024-04-09,2024090,206,875,https://www.8200.cn/kjh/p3/2024090.htm
2024-04-10,2024091,196,950,https://www.8200.cn/kjh/p3/2024091.htm
2024-04-11,2024092,150,148,https://www.8200.cn/kjh/p3/2024092.htm
2024-04-12,2024093,935,934,https://www.8200.cn/kjh/p3/2024093.htm
2024-04-13,2024094,271,824,https://www.8200.cn/kjh/p3/2024094.htm
2024-04-14,2024095,175,386,https://www.8200.cn/kjh/p3/2024095.htm
2024-04-15,2024096,463,986,https://www.8200.cn/kjh/p3/2024096.htm
2024-04-16,2024097,863,509,https://www.8200.cn/kjh/p3/2024097.htm
2024-04-17,2024098,247,571,https://www.8200.cn/kjh/p3/2024098.htm
2024-04-18,2024099,102,795,https://www.8200.cn/kjh/p3/2024099.htm
2024-04-19,2024100,157,690,https://www.8200.cn/kjh/p3/2024100.htm
2024-04-20,2024101,030,186,https://www.8200.cn/kjh/p3/2024101.htm
2024-04-21,2024102,215,697,https://www.8200.cn/kjh/p3/2024102.htm
2024-04-22,2024103,551,143,https://www.8200.cn/kjh/p3/2024103.htm
2024-04-23,2024104,474,834,https://www.8200.cn/kjh/p3/2024104.htm
2024-04-24,2024105,210,239,https://www.8200.cn/kjh/p3/2024105.htm
2024-04-25,2024106,533,531,https://www.8200.cn/kjh/p3/2024106.htm
2024-04-26,2024107,499,265,https://www.8200.cn/kjh/p3/2024107.htm
2024-04-27,2024108,252,598,https://www.8200.cn/kjh/p3/2024108.htm
2024-04-28,2024109,243,269,https://www.8200.cn/kjh/p3/2024109.htm
2024-04-29,2024110,629,261,https://www.8200.cn/kjh/p3/2024110.htm
2024-04-30,2024111,336,947,https://www.8200.cn/kjh/p3/2024111.htm
2024-05-01,2024112,218,102,https://www.8200.cn/kjh/p3/2024112.htm
2024-05-02,2024113,345,378,https://www.8200.cn/kjh/p3/2024113.htm
2024-05-03,2024114,548,794,https://www.8200.cn/kjh/p3/2024114.htm
2024-05-04,2024115,620,563,https://www.8200.cn/kjh/p3/2024115.htm
2024-05-05,2024116,348,420,https://www.8200.cn/kjh/p3/2024116.htm
2024-05-06,2024117,185,917,https://www.8200.cn/kjh/p3/2024117.htm
2024-05-07,2024118,733,705,https://www.8200.cn/kjh/p3/2024118.htm
2024-05-08,2024119,255,639,https://www.8200.cn/kjh/p3/2024119.htm
2024-05-09,2024120,529,524,https://www.8200.cn/kjh/p3/2024120.htm
2024-05-10,2024121,518,501,https://www.8200.cn/kjh/p3/2024121.htm
2024-05-11,2024122,246,478,https://www.8200.cn/kjh/p3/2024122.htm
2024-05-12,2024123,538,149,https://www.8200.cn/kjh/p3/2024123.htm
2024-05-13,2024124,835,812,https://www.8200.cn/kjh/p3/2024124.htm
2024-05-14,2024125,706,102,https://www.8200.cn/kjh/p3/2024125.htm
2024-05-15,2024126,379,849,https://www.8200.cn/kjh/p3/2024126.htm
2024-05-16,2024127,744,506,https://www.8200.cn/kjh/p3/2024127.htm
2024-05-17,2024128,017,513,https://www.8200.cn/kjh/p3/2024128.htm
2024-05-18,2024129,278,289,https://www.8200.cn/kjh/p3/2024129.htm
2024-05-19,2024130,122,712,https://www.8200.cn/kjh/p3/2024130.htm
2024-05-20,2024131,571,894,https://www.8200.cn/kjh/p3/2024131.htm
2024-05-21,2024132,604,237,https://www.8200.cn/kjh/p3/2024132.htm
2024-05-22,2024133,281,670,https://www.8200.cn/kjh/p3/2024133.htm
2024-05-23,2024134,660,950,https://www.8200.cn/kjh/p3/2024134.htm
2024-05-24,2024135,891,908,https://www.8200.cn/kjh/p3/2024135.htm
2024-05-25,2024136,062,564,https://www.8200.cn/kjh/p3/2024136.htm
2024-05-26,2024137,128,570,https://www.8200.cn/kjh/p3/2024137.htm
2024-05-27,2024138,997,734,https://www.8200.cn/kjh/p3/2024138.htm
2024-05-28,2024139,536,602,https://www.8200.cn/kjh/p3/2024139.htm
2024-05-29,2024140,520,152,https://www.8200.cn/kjh/p3/2024140.htm
2024-05-30,2024141,804,713,https://www.8200.cn/kjh/p3/2024141.htm
2024-05-31,2024142,426,075,https://www.8200.cn/kjh/p3/2024142.htm
2024-06-01,2024143,185,834,https://www.8200.cn/kjh/p3/2024143.htm
2024-06-02,2024144,147,697,https://www.8200.cn/kjh/p3/2024144.htm
2024-06-03,2024145,205,351,https://www.8200.cn/kjh/p3/2024145.htm
2024-06-04,2024146,991,934,https://www.8200.cn/kjh/p3/2024146.htm
2024-06-05,2024147,558,795,https://www.8200.cn/kjh/p3/2024147.htm
2024-06-06,2024148,343,852,https://www.8200.cn/kjh/p3/2024148.htm
2024-06-07,2024149,676,724,https://www.8200.cn/kjh/p3/2024149.htm
2024-06-08,2024150,129,474,https://www.8200.cn/kjh/p3/2024150.htm
2024-06-09,2024151,900,709,https://www.8200.cn/kjh/p3/2024151.htm
2024-06-10,2024152,936,620,https://www.8200.cn/kjh/p3/2024152.htm
2024-06-11,2024153,389,725,https://www.8200.cn/kjh/p3/2024153.htm
2024-06-12,2024154,983,885,https://www.8200.cn/kjh/p3/2024154.htm
2024-06-13,2024155,889,812,https://www.8200.cn/kjh/p3/2024155.htm
2024-06-14,2024156,172,974,https://www.8200.cn/kjh/p3/2024156.htm
2024-06-15,2024157,211,258,https://www.8200.cn/kjh/p3/2024157.htm
2024-06-16,2024158,606,731,https://www.8200.cn/kjh/p3/2024158.htm
2024-06-17,2024159,430,467,https://www.8200.cn/kjh/p3/2024159.htm
2024-06-18,2024160,425,981,https://www.8200.cn/kjh/p3/2024160.htm
2024-06-19,2024161,649,630,https://www.8200.cn/kjh/p3/2024161.htm
2024-06-20,2024162,320,972,https://www.8200.cn/kjh/p3/2024162.htm
2024-06-21,2024163,514,369,https://www.8200.cn/kjh/p3/2024163.htm
2024-06-22,2024164,006,519,https://www.8200.cn/kjh/p3/2024164.htm
2024-06-23,2024165,932,896,https://www.8200.cn/kjh/p3/2024165.htm
2024-06-24,2024166,479,926,https://www.8200.cn/kjh/p3/2024166.htm
2024-06-25,2024167,507,614,https://www.8200.cn/kjh/p3/2024167.htm
2024-06-26,2024168,541,205,https://www.8200.cn/kjh/p3/2024168.htm
2024-06-27,2024169,759,805,https://www.8200.cn/kjh/p3/2024169.htm
2024-06-28,2024170,031,512,https://www.8200.cn/kjh/p3/2024170.htm
2024-06-29,2024171,070,702,https://www.8200.cn/kjh/p3/2024171.htm
2024-06-30,2024172,400,924,https://www.8200.cn/kjh/p3/2024172.htm
2024-07-01,2024173,658,634,https://www.8200.cn/kjh/p3/2024173.htm
2024-07-02,2024174,191,920,https://www.8200.cn/kjh/p3/2024174.htm
2024-07-03,2024175,195,945,https://www.8200.cn/kjh/p3/2024175.htm
2024-07-04,2024176,932,602,https://www.8200.cn/kjh/p3/2024176.htm
2024-07-05,2024177,579,874,https://www.8200.cn/kjh/p3/2024177.htm
2024-07-06,2024178,663,841,https://www.8200.cn/kjh/p3/2024178.htm
2024-07-07,2024179,535,350,https://www.8200.cn/kjh/p3/2024179.htm
2024-07-08,2024180,215,924,https://www.8200.cn/kjh/p3/2024180.htm
2024-07-09,2024181,323,724,https://www.8200.cn/kjh/p3/2024181.htm
2024-07-10,2024182,282,620,https://www.8200.cn/kjh/p3/2024182.htm
2024-07-11,2024183,500,638,https://www.8200.cn/kjh/p3/2024183.htm
2024-07-12,2024184,730,913,https://www.8200.cn/kjh/p3/2024184.htm
2024-07-13,2024185,884,516,https://www.8200.cn/kjh/p3/2024185.htm
2024-07-14,2024186,367,807,https://www.8200.cn/kjh/p3/2024186.htm
2024-07-15,2024187,883,503,https://www.8200.cn/kjh/p3/2024187.htm
2024-07-16,2024188,024,894,https://www.8200.cn/kjh/p3/2024188.htm
2024-07-17,2024189,793,146,https://www.8200.cn/kjh/p3/2024189.htm
2024-07-18,2024190,644,162,https://www.8200.cn/kjh/p3/2024190.htm
2024-07-19,2024191,439,178,https://www.8200.cn/kjh/p3/2024191.htm
2024-07-20,2024192,340,704,https://www.8200.cn/kjh/p3/2024192.htm
2024-07-21,2024193,006,639,https://www.8200.cn/kjh/p3/2024193.htm
2024-07-22,2024194,078,803,https://www.8200.cn/kjh/p3/2024194.htm
2024-07-23,2024195,517,826,https://www.8200.cn/kjh/p3/2024195.htm
2024-07-24,2024196,539,306,https://www.8200.cn/kjh/p3/2024196.htm
2024-07-25,2024197,105,517,https://www.8200.cn/kjh/p3/2024197.htm
2024-07-26,2024198,550,975,https://www.8200.cn/kjh/p3/2024198.htm
2024-07-27,2024199,558,523,https://www.8200.cn/kjh/p3/2024199.htm
2024-07-28,2024200,380,182,https://www.8200.cn/kjh/p3/2024200.htm
2024-07-29,2024201,515,374,https://www.8200.cn/kjh/p3/2024201.htm
2024-07-30,2024202,187,617,https://www.8200.cn/kjh/p3/2024202.htm
2024-07-31,2024203,592,652,https://www.8200.cn/kjh/p3/2024203.htm
2024-08-01,2024204,047,734,https://www.8200.cn/kjh/p3/2024204.htm
2024-08-02,2024205,241,413,https://www.8200.cn/kjh/p3/2024205.htm
2024-08-03,2024206,446,834,https://www.8200.cn/kjh/p3/2024206.htm
2024-08-04,2024207,982,305,https://www.8200.cn/kjh/p3/2024207.htm
2024-08-05,2024208,973,283,https://www.8200.cn/kjh/p3/2024208.htm
2024-08-06,2024209,535,381,https://www.8200.cn/kjh/p3/2024209.htm
2024-08-07,2024210,285,875,https://www.8200.cn/kjh/p3/2024210.htm
2024-08-08,2024211,649,645,https://www.8200.cn/kjh/p3/2024211.htm
2024-08-09,2024212,727,812,https://www.8200.cn/kjh/p3/2024212.htm
2024-08-10,2024213,734,985,https://www.8200.cn/kjh/p3/2024213.htm
2024-08-11,2024214,145,198,https://www.8200.cn/kjh/p3/2024214.htm
2024-08-12,2024215,877,289,https://www.8200.cn/kjh/p3/2024215.htm
2024-08-13,2024216,848,674,https://www.8200.cn/kjh/p3/2024216.htm
2024-08-14,2024217,111,698,https://www.8200.cn/kjh/p3/2024217.htm
2024-08-15,2024218,291,605,https://www.8200.cn/kjh/p3/2024218.htm
2024-08-16,2024219,971,278,https://www.8200.cn/kjh/p3/2024219.htm
2024-08-17,2024220,724,218,https://www.8200.cn/kjh/p3/2024220.htm
2024-08-18,2024221,500,721,https://www.8200.cn/kjh/p3/2024221.htm
2024-08-19,2024222,993,769,https://www.8200.cn/kjh/p3/2024222.htm
2024-08-20,2024223,549,547,https://www.8200.cn/kjh/p3/2024223.htm
2024-08-21,2024224,835,629,https://www.8200.cn/kjh/p3/2024224.htm
2024-08-22,2024225,758,980,https://www.8200.cn/kjh/p3/2024225.htm
2024-08-23,2024226,232,740,https://www.8200.cn/kjh/p3/2024226.htm
2024-08-24,2024227,995,512,https://www.8200.cn/kjh/p3/2024227.htm
2024-08-25,2024228,274,539,https://www.8200.cn/kjh/p3/2024228.htm
2024-08-26,2024229,926,904,https://www.8200.cn/kjh/p3/2024229.htm
2024-08-27,2024230,088,197,https://www.8200.cn/kjh/p3/2024230.htm
2024-08-28,2024231,696,401,https://www.8200.cn/kjh/p3/2024231.htm
2024-08-29,2024232,297,658,https://www.8200.cn/kjh/p3/2024232.htm
2024-08-30,2024233,498,058,https://www.8200.cn/kjh/p3/2024233.htm
2024-08-31,2024234,275,134,https://www.8200.cn/kjh/p3/2024234.htm
2024-09-01,2024235,954,410,https://www.8200.cn/kjh/p3/2024235.htm
2024-09-02,2024236,376,912,https://www.8200.cn/kjh/p3/2024236.htm
2024-09-03,2024237,356,158,https://www.8200.cn/kjh/p3/2024237.htm
2024-09-04,2024238,430,926,https://www.8200.cn/kjh/p3/2024238.htm
2024-09-05,2024239,168,213,https://www.8200.cn/kjh/p3/2024239.htm
2024-09-06,2024240,815,574,https://www.8200.cn/kjh/p3/2024240.htm
2024-09-07,2024241,063,704,https://www.8200.cn/kjh/p3/2024241.htm
2024-09-08,2024242,188,408,https://www.8200.cn/kjh/p3/2024242.htm
2024-09-09,2024243,916,813,https://www.8200.cn/kjh/p3/2024243.htm
2024-09-10,2024244,368,597,https://www.8200.cn/kjh/p3/2024244.htm
2024-09-11,2024245,184,812,https://www.8200.cn/kjh/p3/2024245.htm
2024-09-12,2024246,816,594,https://www.8200.cn/kjh/p3/2024246.htm
2024-09-13,2024247,434,572,https://www.8200.cn/kjh/p3/2024247.htm
2024-09-14,2024248,954,640,https://www.8200.cn/kjh/p3/2024248.htm
2024-09-15,2024249,198,613,https://www.8200.cn/kjh/p3/2024249.htm
2024-09-16,2024250,606,849,https://www.8200.cn/kjh/p3/2024250.htm
2024-09-17,2024251,356,875,https://www.8200.cn/kjh/p3/2024251.htm
2024-09-18,2024252,700,578,https://www.8200.cn/kjh/p3/2024252.htm
2024-09-19,2024253,148,245,https://www.8200.cn/kjh/p3/2024253.htm
2024-09-20,2024254,423,839,https://www.8200.cn/kjh/p3/2024254.htm
2024-09-21,2024255,155,435,https://www.8200.cn/kjh/p3/2024255.htm
2024-09-22,2024256,549,165,https://www.8200.cn/kjh/p3/2024256.htm
2024-09-23,2024257,008,614,https://www.8200.cn/kjh/p3/2024257.htm
2024-09-24,2024258,690,107,https://www.8200.cn/kjh/p3/2024258.htm
2024-09-25,2024259,444,415,https://www.8200.cn/kjh/p3/2024259.htm
2024-09-26,2024260,523,397,https://www.8200.cn/kjh/p3/2024260.htm
2024-09-27,2024261,195,904,https://www.8200.cn/kjh/p3/2024261.htm
2024-09-28,2024262,216,520,https://www.8200.cn/kjh/p3/2024262.htm
2024-09-29,2024263,404,906,https://www.8200.cn/kjh/p3/2024263.htm
2024-09-30,2024264,347,254,https://www.8200.cn/kjh/p3/2024264.htm
2024-10-05,2024265,701,725,https://www.8200.cn/kjh/p3/2024265.htm
2024-10-06,2024266,143,958,https://www.8200.cn/kjh/p3/2024266.htm
2024-10-07,2024267,841,741,https://www.8200.cn/kjh/p3/2024267.htm
2024-10-08,2024268,831,610,https://www.8200.cn/kjh/p3/2024268.htm
2024-10-09,2024269,324,953,https://www.8200.cn/kjh/p3/2024269.htm
2024-10-10,2024270,801,675,https://www.8200.cn/kjh/p3/2024270.htm
2024-10-11,2024271,395,579,https://www.8200.cn/kjh/p3/2024271.htm
2024-10-12,2024272,436,751,https://www.8200.cn/kjh/p3/2024272.htm
2024-10-13,2024273,812,839,https://www.8200.cn/kjh/p3/2024273.htm
2024-10-14,2024274,274,954,https://www.8200.cn/kjh/p3/2024274.htm
2024-10-15,2024275,681,391,https://www.8200.cn/kjh/p3/2024275.htm
2024-10-16,2024276,088,502,https://www.8200.cn/kjh/p3/2024276.htm
2024-10-17,2024277,623,429,https://www.8200.cn/kjh/p3/2024277.htm
2024-10-18,2024278,134,724,https://www.8200.cn/kjh/p3/2024278.htm
2024-10-19,2024279,886,597,https://www.8200.cn/kjh/p3/2024279.htm
2024-10-20,2024280,859,172,https://www.8200.cn/kjh/p3/2024280.htm
2024-10-21,2024281,465,215,https://www.8200.cn/kjh/p3/2024281.htm
2024-10-22,2024282,905,985,https://www.8200.cn/kjh/p3/2024282.htm
2024-10-23,2024283,285,531,https://www.8200.cn/kjh/p3/2024283.htm
2024-10-24,2024284,034,168,https://www.8200.cn/kjh/p3/2024284.htm
2024-10-25,2024285,347,305,https://www.8200.cn/kjh/p3/2024285.htm
2024-10-26,2024286,156,975,https://www.8200.cn/kjh/p3/2024286.htm
2024-10-27,2024287,945,756,https://www.8200.cn/kjh/p3/2024287.htm
2024-10-28,2024288,810,674,https://www.8200.cn/kjh/p3/2024288.htm
2024-10-29,2024289,006,726,https://www.8200.cn/kjh/p3/2024289.htm
2024-10-30,2024290,004,824,https://www.8200.cn/kjh/p3/2024290.htm
2024-10-31,2024291,340,810,https://www.8200.cn/kjh/p3/2024291.htm
2024-11-01,2024292,030,610,https://www.8200.cn/kjh/p3/2024292.htm
2024-11-02,2024293,044,512,https://www.8200.cn/kjh/p3/2024293.htm
2024-11-03,2024294,701,961,https://www.8200.cn/kjh/p3/2024294.htm
2024-11-04,2024295,552,479,https://www.8200.cn/kjh/p3/2024295.htm
2024-11-05,2024296,898,758,https://www.8200.cn/kjh/p3/2024296.htm
2024-11-06,2024297,037,845,https://www.8200.cn/kjh/p3/2024297.htm
2024-11-07,2024298,680,706,https://www.8200.cn/kjh/p3/2024298.htm
2024-11-08,2024299,581,904,https://www.8200.cn/kjh/p3/2024299.htm
2024-11-09,2024300,933,753,https://www.8200.cn/kjh/p3/2024300.htm
2024-11-10,2024301,877,582,https://www.8200.cn/kjh/p3/2024301.htm
2024-11-11,2024302,398,725,https://www.8200.cn/kjh/p3/2024302.htm
2024-11-12,2024303,201,376,https://www.8200.cn/kjh/p3/2024303.htm
2024-11-13,2024304,425,925,https://www.8200.cn/kjh/p3/2024304.htm
2024-11-14,2024305,841,713,https://www.8200.cn/kjh/p3/2024305.htm
2024-11-15,2024306,508,318,https://www.8200.cn/kjh/p3/2024306.htm
2024-11-16,2024307,582,521,https://www.8200.cn/kjh/p3/2024307.htm
2024-11-17,2024308,843,614,https://www.8200.cn/kjh/p3/2024308.htm
2024-11-18,2024309,483,740,https://www.8200.cn/kjh/p3/2024309.htm
2024-11-19,2024310,718,102,https://www.8200.cn/kjh/p3/2024310.htm
2024-11-20,2024311,533,385,https://www.8200.cn/kjh/p3/2024311.htm
2024-11-21,2024312,413,508,https://www.8200.cn/kjh/p3/2024312.htm
2024-11-22,2024313,471,738,https://www.8200.cn/kjh/p3/2024313.htm
2024-11-23,2024314,080,916,https://www.8200.cn/kjh/p3/2024314.htm
2024-11-24,2024315,071,278,https://www.8200.cn/kjh/p3/2024315.htm
2024-11-25,2024316,332,752,https://www.8200.cn/kjh/p3/2024316.htm
2024-11-26,2024317,355,580,https://www.8200.cn/kjh/p3/2024317.htm
2024-11-27,2024318,243,730,https://www.8200.cn/kjh/p3/2024318.htm
2024-11-28,2024319,793,409,https://www.8200.cn/kjh/p3/2024319.htm
2024-11-29,2024320,863,902,https://www.8200.cn/kjh/p3/2024320.htm
2024-11-30,2024321,050,827,https://www.8200.cn/kjh/p3/2024321.htm
2024-12-01,2024322,678,867,https://www.8200.cn/kjh/p3/2024322.htm
2024-12-02,2024323,914,964,https://www.8200.cn/kjh/p3/2024323.htm
2024-12-03,2024324,630,218,https://www.8200.cn/kjh/p3/2024324.htm
2024-12-04,2024325,023,804,https://www.8200.cn/kjh/p3/2024325.htm
2024-12-05,2024326,257,128,https://www.8200.cn/kjh/p3/2024326.htm
2024-12-06,2024327,134,658,https://www.8200.cn/kjh/p3/2024327.htm
2024-12-07,2024328,125,596,https://www.8200.cn/kjh/p3/2024328.htm
2024-12-08,2024329,147,932,https://www.8200.cn/kjh/p3/2024329.htm
2024-12-09,2024330,811,057,https://www.8200.cn/kjh/p3/2024330.htm
2024-12-10,2024331,712,267,https://www.8200.cn/kjh/p3/2024331.htm
2024-12-11,2024332,679,490,https://www.8200.cn/kjh/p3/2024332.htm
2024-12-12,2024333,848,762,https://www.8200.cn/kjh/p3/2024333.htm
2024-12-13,2024334,746,105,https://www.8200.cn/kjh/p3/2024334.htm
2024-12-14,2024335,499,985,https://www.8200.cn/kjh/p3/2024335.htm
2024-12-15,2024336,249,973,https://www.8200.cn/kjh/p3/2024336.htm
2024-12-16,2024337,172,826,https://www.8200.cn/kjh/p3/2024337.htm
2024-12-17,2024338,155,807,https://www.8200.cn/kjh/p3/2024338.htm
2024-12-18,2024339,918,325,https://www.8200.cn/kjh/p3/2024339.htm
2024-12-19,2024340,031,703,https://www.8200.cn/kjh/p3/2024340.htm
2024-12-20,2024341,653,204,https://www.8200.cn/kjh/p3/2024341.htm
2024-12-21,2024342,084,120,https://www.8200.cn/kjh/p3/2024342.htm
2024-12-22,2024343,481,697,https://www.8200.cn/kjh/p3/2024343.htm
2024-12-23,2024344,546,801,https://www.8200.cn/kjh/p3/2024344.htm
2024-12-24,2024345,620,712,https://www.8200.cn/kjh/p3/2024345.htm
2024-12-25,2024346,677,510,https://www.8200.cn/kjh/p3/2024346.htm
2024-12-26,2024347,893,413,https://www.8200.cn/kjh/p3/2024347.htm
2024-12-27,2024348,192,358,https://www.8200.cn/kjh/p3/2024348.htm
2024-12-28,2024349,907,926,https://www.8200.cn/kjh/p3/2024349.htm
2024-12-29,2024350,220,328,https://www.8200.cn/kjh/p3/2024350.htm
2024-12-30,2024351,788,173,https://www.8200.cn/kjh/p3/2024351.htm
2024-12-31,2024352,691,813,https://www.8200.cn/kjh/p3/2024352.htm
2025-01-01,2025001,123,513,https://www.8200.cn/kjh/p3/2025001.htm
2025-01-02,2025002,900,341,https://www.8200.cn/kjh/p3/2025002.htm
2025-01-03,2025003,168,560,https://www.8200.cn/kjh/p3/2025003.htm
2025-01-04,2025004,351,927,https://www.8200.cn/kjh/p3/2025004.htm
2025-01-05,2025005,617,726,https://www.8200.cn/kjh/p3/2025005.htm
2025-01-06,2025006,656,432,https://www.8200.cn/kjh/p3/2025006.htm
2025-01-07,2025007,362,826,https://www.8200.cn/kjh/p3/2025007.htm
2025-01-08,2025008,128,325,https://www.8200.cn/kjh/p3/2025008.htm
2025-01-09,2025009,806,510,https://www.8200.cn/kjh/p3/2025009.htm
2025-01-10,2025010,143,648,https://www.8200.cn/kjh/p3/2025010.htm
2025-01-11,2025011,027,239,https://www.8200.cn/kjh/p3/2025011.htm
2025-01-12,2025012,471,807,https://www.8200.cn/kjh/p3/2025012.htm
2025-01-13,2025013,978,439,https://www.8200.cn/kjh/p3/2025013.htm
2025-01-14,2025014,508,159,https://www.8200.cn/kjh/p3/2025014.htm
2025-01-15,2025015,398,239,https://www.8200.cn/kjh/p3/2025015.htm
2025-01-16,2025016,963,549,https://www.8200.cn/kjh/p3/2025016.htm
2025-01-17,2025017,956,897,https://www.8200.cn/kjh/p3/2025017.htm
2025-01-18,2025018,292,413,https://www.8200.cn/kjh/p3/2025018.htm
2025-01-19,2025019,734,501,https://www.8200.cn/kjh/p3/2025019.htm
2025-01-20,2025020,159,687,https://www.8200.cn/kjh/p3/2025020.htm
2025-01-21,2025021,346,850,https://www.8200.cn/kjh/p3/2025021.htm
2025-01-22,2025022,484,917,https://www.8200.cn/kjh/p3/2025022.htm
2025-01-23,2025023,788,394,https://www.8200.cn/kjh/p3/2025023.htm
2025-01-24,2025024,228,703,https://www.8200.cn/kjh/p3/2025024.htm
2025-01-25,2025025,677,519,https://www.8200.cn/kjh/p3/2025025.htm
2025-01-26,2025026,346,748,https://www.8200.cn/kjh/p3/2025026.htm
2025-02-06,2025027,048,534,https://www.8200.cn/kjh/p3/2025027.htm
2025-02-07,2025028,822,357,https://www.8200.cn/kjh/p3/2025028.htm
2025-02-08,2025029,489,915,https://www.8200.cn/kjh/p3/2025029.htm
2025-02-09,2025030,297,601,https://www.8200.cn/kjh/p3/2025030.htm
2025-02-10,2025031,513,607,https://www.8200.cn/kjh/p3/2025031.htm
2025-02-11,2025032,392,816,https://www.8200.cn/kjh/p3/2025032.htm
2025-02-12,2025033,934,580,https://www.8200.cn/kjh/p3/2025033.htm
2025-02-13,2025034,309,781,https://www.8200.cn/kjh/p3/2025034.htm
2025-02-14,2025035,849,674,https://www.8200.cn/kjh/p3/2025035.htm
2025-02-15,2025036,521,956,https://www.8200.cn/kjh/p3/2025036.htm
2025-02-16,2025037,578,513,https://www.8200.cn/kjh/p3/2025037.htm
2025-02-17,2025038,366,607,https://www.8200.cn/kjh/p3/2025038.htm
2025-02-18,2025039,588,264,https://www.8200.cn/kjh/p3/2025039.htm
2025-02-19,2025040,875,234,https://www.8200.cn/kjh/p3/2025040.htm
2025-02-20,2025041,916,972,https://www.8200.cn/kjh/p3/2025041.htm
2025-02-21,2025042,675,641,https://www.8200.cn/kjh/p3/2025042.htm
2025-02-22,2025043,552,817,https://www.8200.cn/kjh/p3/2025043.htm
2025-02-23,2025044,805,908,https://www.8200.cn/kjh/p3/2025044.htm
2025-02-24,2025045,722,629,https://www.8200.cn/kjh/p3/2025045.htm
2025-02-25,2025046,372,527,https://www.8200.cn/kjh/p3/2025046.htm
2025-02-26,2025047,806,913,https://www.8200.cn/kjh/p3/2025047.htm
2025-02-27,2025048,570,952,https://www.8200.cn/kjh/p3/2025048.htm
2025-02-28,2025049,037,965,https://www.8200.cn/kjh/p3/2025049.htm
2025-03-01,2025050,570,815,https://www.8200.cn/kjh/p3/2025050.htm
2025-03-02,2025051,973,692,https://www.8200.cn/kjh/p3/2025051.htm
2025-03-03,2025052,337,126,https://www.8200.cn/kjh/p3/2025052.htm
2025-03-04,2025053,899,617,https://www.8200.cn/kjh/p3/2025053.htm
2025-03-05,2025054,384,527,https://www.8200.cn/kjh/p3/2025054.htm
2025-03-06,2025055,916,578,https://www.8200.cn/kjh/p3/2025055.htm
2025-03-07,2025056,716,724,https://www.8200.cn/kjh/p3/2025056.htm
2025-03-08,2025057,765,518,https://www.8200.cn/kjh/p3/2025057.htm
2025-03-09,2025058,672,438,https://www.8200.cn/kjh/p3/2025058.htm
2025-03-10,2025059,771,285,https://www.8200.cn/kjh/p3/2025059.htm
2025-03-11,2025060,793,179,https://www.8200.cn/kjh/p3/2025060.htm
2025-03-12,2025061,490,762,https://www.8200.cn/kjh/p3/2025061.htm
2025-03-13,2025062,257,624,https://www.8200.cn/kjh/p3/2025062.htm
2025-03-14,2025063,466,489,https://www.8200.cn/kjh/p3/2025063.htm
2025-03-15,2025064,656,673,https://www.8200.cn/kjh/p3/2025064.htm
2025-03-16,2025065,990,189,https://www.8200.cn/kjh/p3/2025065.htm
2025-03-17,2025066,184,839,https://www.8200.cn/kjh/p3/2025066.htm
2025-03-18,2025067,671,519,https://www.8200.cn/kjh/p3/2025067.htm
2025-03-19,2025068,975,683,https://www.8200.cn/kjh/p3/2025068.htm
2025-03-20,2025069,934,675,https://www.8200.cn/kjh/p3/2025069.htm
2025-03-21,2025070,771,598,https://www.8200.cn/kjh/p3/2025070.htm
2025-03-22,2025071,462,401,https://www.8200.cn/kjh/p3/2025071.htm
2025-03-23,2025072,935,290,https://www.8200.cn/kjh/p3/2025072.htm
2025-03-24,2025073,132,804,https://www.8200.cn/kjh/p3/2025073.htm
2025-03-25,2025074,179,547,https://www.8200.cn/kjh/p3/2025074.htm
2025-03-26,2025075,743,967,https://www.8200.cn/kjh/p3/2025075.htm
2025-03-27,2025076,407,934,https://www.8200.cn/kjh/p3/2025076.htm
2025-03-28,2025077,425,925,https://www.8200.cn/kjh/p3/2025077.htm
2025-03-29,2025078,113,395,https://www.8200.cn/kjh/p3/2025078.htm
2025-03-30,2025079,296,108,https://www.8200.cn/kjh/p3/2025079.htm
2025-03-31,2025080,738,683,https://www.8200.cn/kjh/p3/2025080.htm
2025-04-01,2025081,766,971,https://www.8200.cn/kjh/p3/2025081.htm
2025-04-02,2025082,344,647,https://www.8200.cn/kjh/p3/2025082.htm
2025-04-03,2025083,593,172,https://www.8200.cn/kjh/p3/2025083.htm
2025-04-04,2025084,304,704,https://www.8200.cn/kjh/p3/2025084.htm
2025-04-05,2025085,353,215,https://www.8200.cn/kjh/p3/2025085.htm
2025-04-06,2025086,634,193,https://www.8200.cn/kjh/p3/2025086.htm
2025-04-07,2025087,845,297,https://www.8200.cn/kjh/p3/2025087.htm
2025-04-08,2025088,222,874,https://www.8200.cn/kjh/p3/2025088.htm
2025-04-09,2025089,208,865,https://www.8200.cn/kjh/p3/2025089.htm
2025-04-10,2025090,993,309,https://www.8200.cn/kjh/p3/2025090.htm
2025-04-11,2025091,830,581,https://www.8200.cn/kjh/p3/2025091.htm
2025-04-12,2025092,721,659,https://www.8200.cn/kjh/p3/2025092.htm
2025-04-13,2025093,432,761,https://www.8200.cn/kjh/p3/2025093.htm
2025-04-14,2025094,534,845,https://www.8200.cn/kjh/p3/2025094.htm
2025-04-15,2025095,672,629,https://www.8200.cn/kjh/p3/2025095.htm
2025-04-16,2025096,948,326,https://www.8200.cn/kjh/p3/2025096.htm
2025-04-17,2025097,171,972,https://www.8200.cn/kjh/p3/2025097.htm
2025-04-18,2025098,192,815,https://www.8200.cn/kjh/p3/2025098.htm
2025-04-19,2025099,174,429,https://www.8200.cn/kjh/p3/2025099.htm
2025-04-20,2025100,997,624,https://www.8200.cn/kjh/p3/2025100.htm
2025-04-21,2025101,911,842,https://www.8200.cn/kjh/p3/2025101.htm
2025-04-22,2025102,233,807,https://www.8200.cn/kjh/p3/2025102.htm
2025-04-23,2025103,471,518,https://www.8200.cn/kjh/p3/2025103.htm
2025-04-24,2025104,144,412,https://www.8200.cn/kjh/p3/2025104.htm
2025-04-25,2025105,084,502,https://www.8200.cn/kjh/p3/2025105.htm
2025-04-26,2025106,076,924,https://www.8200.cn/kjh/p3/2025106.htm
2025-04-27,2025107,726,589,https://www.8200.cn/kjh/p3/2025107.htm
2025-04-28,2025108,877,769,https://www.8200.cn/kjh/p3/2025108.htm
2025-04-29,2025109,619,193,https://www.8200.cn/kjh/p3/2025109.htm
2025-04-30,2025110,116,983,https://www.8200.cn/kjh/p3/2025110.htm
2025-05-01,2025111,588,821,https://www.8200.cn/kjh/p3/2025111.htm
2025-05-02,2025112,483,309,https://www.8200.cn/kjh/p3/2025112.htm
2025-05-03,2025113,029,846,https://www.8200.cn/kjh/p3/2025113.htm
2025-05-04,2025114,192,713,https://www.8200.cn/kjh/p3/2025114.htm
2025-05-05,2025115,847,570,https://www.8200.cn/kjh/p3/2025115.htm
2025-05-06,2025116,360,647,https://www.8200.cn/kjh/p3/2025116.htm
2025-05-07,2025117,170,928,https://www.8200.cn/kjh/p3/2025117.htm
2025-05-08,2025118,255,510,https://www.8200.cn/kjh/p3/2025118.htm
2025-05-09,2025119,703,742,https://www.8200.cn/kjh/p3/2025119.htm
2025-05-10,2025120,401,750,https://www.8200.cn/kjh/p3/2025120.htm
2025-05-11,2025121,424,139,https://www.8200.cn/kjh/p3/2025121.htm
2025-05-12,2025122,030,369,https://www.8200.cn/kjh/p3/2025122.htm
2025-05-13,2025123,842,904,https://www.8200.cn/kjh/p3/2025123.htm
2025-05-14,2025124,527,287,https://www.8200.cn/kjh/p3/2025124.htm
2025-05-15,2025125,627,539,https://www.8200.cn/kjh/p3/2025125.htm
2025-05-16,2025126,184,842,https://www.8200.cn/kjh/p3/2025126.htm
2025-05-17,2025127,492,587,https://www.8200.cn/kjh/p3/2025127.htm
2025-05-18,2025128,870,271,https://www.8200.cn/kjh/p3/2025128.htm
2025-05-19,2025129,189,312,https://www.8200.cn/kjh/p3/2025129.htm
2025-05-20,2025130,068,641,https://www.8200.cn/kjh/p3/2025130.htm
2025-05-21,2025131,367,801,https://www.8200.cn/kjh/p3/2025131.htm
2025-05-22,2025132,275,684,https://www.8200.cn/kjh/p3/2025132.htm
2025-05-23,2025133,866,690,https://www.8200.cn/kjh/p3/2025133.htm
2025-05-24,2025134,510,431,https://www.8200.cn/kjh/p3/2025134.htm
2025-05-25,2025135,816,307,https://www.8200.cn/kjh/p3/2025135.htm
2025-05-26,2025136,324,501,https://www.8200.cn/kjh/p3/2025136.htm
2025-05-27,2025137,721,625,https://www.8200.cn/kjh/p3/2025137.htm
2025-05-28,2025138,895,485,https://www.8200.cn/kjh/p3/2025138.htm
2025-05-29,2025139,155,978,https://www.8200.cn/kjh/p3/2025139.htm
2025-05-30,2025140,267,478,https://www.8200.cn/kjh/p3/2025140.htm
2025-05-31,2025141,475,852,https://www.8200.cn/kjh/p3/2025141.htm
2025-06-01,2025142,343,579,https://www.8200.cn/kjh/p3/2025142.htm
2025-06-02,2025143,944,351,https://www.8200.cn/kjh/p3/2025143.htm
2025-06-03,2025144,389,824,https://www.8200.cn/kjh/p3/2025144.htm
2025-06-04,2025145,471,910,https://www.8200.cn/kjh/p3/2025145.htm
2025-06-05,2025146,822,275,https://www.8200.cn/kjh/p3/2025146.htm
2025-06-06,2025147,023,108,https://www.8200.cn/kjh/p3/2025147.htm
2025-06-07,2025148,557,785,https://www.8200.cn/kjh/p3/2025148.htm
2025-06-08,2025149,772,803,https://www.8200.cn/kjh/p3/2025149.htm
2025-06-09,2025150,212,906,https://www.8200.cn/kjh/p3/2025150.htm
2025-06-10,2025151,686,931,https://www.8200.cn/kjh/p3/2025151.htm
2025-06-11,2025152,747,947,https://www.8200.cn/kjh/p3/2025152.htm
2025-06-12,2025153,894,512,https://www.8200.cn/kjh/p3/2025153.htm
2025-06-13,2025154,989,538,https://www.8200.cn/kjh/p3/2025154.htm
2025-06-14,2025155,040,278,https://www.8200.cn/kjh/p3/2025155.htm
2025-06-15,2025156,638,214,https://www.8200.cn/kjh/p3/2025156.htm
2025-06-16,2025157,250,380,https://www.8200.cn/kjh/p3/2025157.htm
2025-06-17,2025158,882,957,https://www.8200.cn/kjh/p3/2025158.htm
2025-06-18,2025159,274,802,https://www.8200.cn/kjh/p3/2025159.htm
2025-06-19,2025160,171,918,https://www.8200.cn/kjh/p3/2025160.htm
2025-06-20,2025161,248,146,https://www.8200.cn/kjh/p3/2025161.htm
2025-06-21,2025162,317,945,https://www.8200.cn/kjh/p3/2025162.htm
2025-06-22,2025163,766,571,https://www.8200.cn/kjh/p3/2025163.htm
2025-06-23,2025164,519,594,https://www.8200.cn/kjh/p3/2025164.htm
2025-06-24,2025165,103,420,https://www.8200.cn/kjh/p3/2025165.htm
2025-06-25,2025166,696,746,https://www.8200.cn/kjh/p3/2025166.htm
2025-06-26,2025167,267,246,https://www.8200.cn/kjh/p3/2025167.htm
2025-06-27,2025168,203,674,https://www.8200.cn/kjh/p3/2025168.htm
2025-06-28,2025169,699,314,https://www.8200.cn/kjh/p3/2025169.htm
2025-06-29,2025170,502,329,https://www.8200.cn/kjh/p3/2025170.htm
2025-06-30,2025171,105,519,https://www.8200.cn/kjh/p3/2025171.htm
2025-07-01,2025172,724,431,https://www.8200.cn/kjh/p3/2025172.htm
2025-07-02,2025173,673,923,https://www.8200.cn/kjh/p3/2025173.htm
2025-07-03,2025174,131,897,https://www.8200.cn/kjh/p3/2025174.htm
2025-07-04,2025175,413,910,https://www.8200.cn/kjh/p3/2025175.htm
2025-07-05,2025176,949,715,https://www.8200.cn/kjh/p3/2025176.htm
2025-07-06,2025177,977,618,https://www.8200.cn/kjh/p3/2025177.htm
2025-07-07,2025178,714,793,https://www.8200.cn/kjh/p3/2025178.htm
2025-07-08,2025179,972,931,https://www.8200.cn/kjh/p3/2025179.htm
2025-07-09,2025180,889,671,https://www.8200.cn/kjh/p3/2025180.htm
2025-07-10,2025181,894,841,https://www.8200.cn/kjh/p3/2025181.htm
2025-07-11,2025182,721,905,https://www.8200.cn/kjh/p3/2025182.htm
2025-07-12,2025183,177,542,https://www.8200.cn/kjh/p3/2025183.htm
2025-07-13,2025184,221,820,https://www.8200.cn/kjh/p3/2025184.htm
2025-07-14,2025185,308,674,https://www.8200.cn/kjh/p3/2025185.htm
2025-07-15,2025186,514,704,https://www.8200.cn/kjh/p3/2025186.htm
2025-07-16,2025187,641,507,https://www.8200.cn/kjh/p3/2025187.htm
2025-07-17,2025188,623,512,https://www.8200.cn/kjh/p3/2025188.htm
2025-07-18,2025189,556,916,https://www.8200.cn/kjh/p3/2025189.htm
2025-07-19,2025190,499,902,https://www.8200.cn/kjh/p3/2025190.htm
2025-07-20,2025191,669,630,https://www.8200.cn/kjh/p3/2025191.htm
2025-07-21,2025192,683,627,https://www.8200.cn/kjh/p3/2025192.htm
2025-07-22,2025193,265,724,https://www.8200.cn/kjh/p3/2025193.htm
2025-07-23,2025194,270,875,https://www.8200.cn/kjh/p3/2025194.htm
2025-07-24,2025195,210,396,https://www.8200.cn/kjh/p3/2025195.htm
2025-07-25,2025196,941,896,https://www.8200.cn/kjh/p3/2025196.htm
2025-07-26,2025197,869,457,https://www.8200.cn/kjh/p3/2025197.htm
2025-07-27,2025198,717,215,https://www.8200.cn/kjh/p3/2025198.htm
2025-07-28,2025199,485,948,https://www.8200.cn/kjh/p3/2025199.htm
2025-07-29,2025200,211,713,https://www.8200.cn/kjh/p3/2025200.htm
2025-07-30,2025201,401,195,https://www.8200.cn/kjh/p3/2025201.htm
2025-07-31,2025202,253,976,https://www.8200.cn/kjh/p3/2025202.htm
2025-08-01,2025203,735,190,https://www.8200.cn/kjh/p3/2025203.htm
2025-08-02,2025204,830,218,https://www.8200.cn/kjh/p3/2025204.htm
2025-08-03,2025205,783,726,https://www.8200.cn/kjh/p3/2025205.htm
2025-08-04,2025206,605,735,https://www.8200.cn/kjh/p3/2025206.htm
2025-08-05,2025207,154,176,https://www.8200.cn/kjh/p3/2025207.htm
2025-08-06,2025208,309,659,https://www.8200.cn/kjh/p3/2025208.htm
2025-08-07,2025209,921,742,https://www.8200.cn/kjh/p3/2025209.htm
2025-08-08,2025210,622,602,https://www.8200.cn/kjh/p3/2025210.htm
2025-08-09,2025211,050,547,https://www.8200.cn/kjh/p3/2025211.htm
2025-08-10,2025212,223,190,https://www.8200.cn/kjh/p3/2025212.htm
2025-08-11,2025213,868,518,https://www.8200.cn/kjh/p3/2025213.htm
2025-08-12,2025214,176,431,https://www.8200.cn/kjh/p3/2025214.htm
2025-08-13,2025215,695,718,https://www.8200.cn/kjh/p3/2025215.htm
2025-08-14,2025216,410,201,https://www.8200.cn/kjh/p3/2025216.htm
2025-08-15,2025217,242,720,https://www.8200.cn/kjh/p3/2025217.htm
2025-08-16,2025218,307,572,https://www.8200.cn/kjh/p3/2025218.htm
2025-08-17,2025219,784,681,https://www.8200.cn/kjh/p3/2025219.htm
2025-08-18,2025220,353,109,https://www.8200.cn/kjh/p3/2025220.htm
2025-08-19,2025221,791,413,https://www.8200.cn/kjh/p3/2025221.htm
2025-08-20,2025222,660,850,https://www.8200.cn/kjh/p3/2025222.htm
2025-08-21,2025223,795,921,https://www.8200.cn/kjh/p3/2025223.htm
2025-08-22,2025224,021,307,https://www.8200.cn/kjh/p3/2025224.htm
2025-08-23,2025225,009,385,https://www.8200.cn/kjh/p3/2025225.htm
2025-08-24,2025226,373,612,https://www.8200.cn/kjh/p3/2025226.htm
2025-08-25,2025227,453,526,https://www.8200.cn/kjh/p3/2025227.htm
2025-08-26,2025228,164,289,https://www.8200.cn/kjh/p3/2025228.htm
2025-08-27,2025229,123,403,https://www.8200.cn/kjh/p3/2025229.htm
2025-08-28,2025230,178,247,https://www.8200.cn/kjh/p3/2025230.htm
2025-08-29,2025231,258,984,https://www.8200.cn/kjh/p3/2025231.htm
2025-08-30,2025232,397,793,https://www.8200.cn/kjh/p3/2025232.htm
2025-08-31,2025233,143,468,https://www.8200.cn/kjh/p3/2025233.htm
2025-09-01,2025234,282,439,https://www.8200.cn/kjh/p3/2025234.htm
2025-09-02,2025235,321,503,https://www.8200.cn/kjh/p3/2025235.htm
2025-09-03,2025236,151,106,https://www.8200.cn/kjh/p3/2025236.htm
2025-09-04,2025237,713,136,https://www.8200.cn/kjh/p3/2025237.htm
2025-09-05,2025238,754,259,https://www.8200.cn/kjh/p3/2025238.htm
2025-09-06,2025239,220,619,https://www.8200.cn/kjh/p3/2025239.htm
2025-09-07,2025240,627,539,https://www.8200.cn/kjh/p3/2025240.htm
2025-09-08,2025241,286,697,https://www.8200.cn/kjh/p3/2025241.htm
2025-09-09,2025242,523,517,https://www.8200.cn/kjh/p3/2025242.htm
2025-09-10,2025243,812,954,https://www.8200.cn/kjh/p3/2025243.htm
2025-09-11,2025244,758,403,https://www.8200.cn/kjh/p3/2025244.htm
2025-09-12,2025245,994,206,https://www.8200.cn/kjh/p3/2025245.htm
2025-09-13,2025246,207,728,https://www.8200.cn/kjh/p3/2025246.htm
2025-09-14,2025247,364,513,https://www.8200.cn/kjh/p3/2025247.htm
2025-09-15,2025248,983,528,https://www.8200.cn/kjh/p3/2025248.htm
2025-09-16,2025249,532,912,https://www.8200.cn/kjh/p3/2025249.htm
2025-09-17,2025250,178,139,https://www.8200.cn/kjh/p3/2025250.htm
2025-09-18,2025251,558,859,https://www.8200.cn/kjh/p3/2025251.htm
2025-09-19,2025252,190,952,https://www.8200.cn/kjh/p3/2025252.htm
2025-09-20,2025253,693,615,https://www.8200.cn/kjh/p3/2025253.htm
2025-09-21,2025254,628,437,https://www.8200.cn/kjh/p3/2025254.htm
2025-09-22,2025255,583,148,https://www.8200.cn/kjh/p3/2025255.htm
2025-09-23,2025256,797,610,https://www.8200.cn/kjh/p3/2025256.htm
2025-09-24,2025257,561,279,https://www.8200.cn/kjh/p3/2025257.htm
2025-09-25,2025258,038,540,https://www.8200.cn/kjh/p3/2025258.htm
2025-09-26,2025259,420,907,https://www.8200.cn/kjh/p3/2025259.htm
2025-09-27,2025260,514,528,https://www.8200.cn/kjh/p3/2025260.htm
2025-09-28,2025261,877,830,https://www.8200.cn/kjh/p3/2025261.htm
2025-09-29,2025262,512,135,https://www.8200.cn/kjh/p3/2025262.htm
2025-09-30,2025263,148,926,https://www.8200.cn/kjh/p3/2025263.htm
2025-10-05,2025264,202,524,https://www.8200.cn/kjh/p3/2025264.htm
2025-10-06,2025265,281,912,https://www.8200.cn/kjh/p3/2025265.htm
2025-10-07,2025266,742,924,https://www.8200.cn/kjh/p3/2025266.htm
2025-10-08,2025267,856,613,https://www.8200.cn/kjh/p3/2025267.htm
2025-10-09,2025268,321,294,https://www.8200.cn/kjh/p3/2025268.htm
2025-10-10,2025269,875,917,https://www.8200.cn/kjh/p3/2025269.htm
2025-10-11,2025270,018,375,https://www.8200.cn/kjh/p3/2025270.htm
2025-10-12,2025271,898,804,https://www.8200.cn/kjh/p3/2025271.htm
2025-10-13,2025272,767,921,https://www.8200.cn/kjh/p3/2025272.htm
2025-10-14,2025273,417,418,https://www.8200.cn/kjh/p3/2025273.htm
2025-10-15,2025274,787,512,https://www.8200.cn/kjh/p3/2025274.htm
2025-10-16,2025275,150,458,https://www.8200.cn/kjh/p3/2025275.htm
2025-10-17,2025276,982,581,https://www.8200.cn/kjh/p3/2025276.htm
2025-10-18,2025277,432,427,https://www.8200.cn/kjh/p3/2025277.htm
2025-10-19,2025278,627,247,https://www.8200.cn/kjh/p3/2025278.htm
2025-10-20,2025279,375,782,https://www.8200.cn/kjh/p3/2025279.htm
2025-10-21,2025280,539,816,https://www.8200.cn/kjh/p3/2025280.htm
2025-10-22,2025281,707,609,https://www.8200.cn/kjh/p3/2025281.htm
2025-10-23,2025282,096,413,https://www.8200.cn/kjh/p3/2025282.htm
2025-10-24,2025283,057,512,https://www.8200.cn/kjh/p3/2025283.htm
2025-10-25,2025284,247,647,https://www.8200.cn/kjh/p3/2025284.htm
2025-10-26,2025285,905,082,https://www.8200.cn/kjh/p3/2025285.htm
2025-10-27,2025286,641,128,https://www.8200.cn/kjh/p3/2025286.htm
2025-10-28,2025287,180,864,https://www.8200.cn/kjh/p3/2025287.htm
2025-10-29,2025288,504,057,https://www.8200.cn/kjh/p3/2025288.htm
2025-10-30,2025289,685,283,https://www.8200.cn/kjh/p3/2025289.htm
2025-10-31,2025290,125,512,https://www.8200.cn/kjh/p3/2025290.htm
2025-11-01,2025291,948,367,https://www.8200.cn/kjh/p3/2025291.htm
2025-11-02,2025292,673,925,https://www.8200.cn/kjh/p3/2025292.htm
2025-11-03,2025293,094,731,https://www.8200.cn/kjh/p3/2025293.htm
2025-11-04,2025294,994,618,https://www.8200.cn/kjh/p3/2025294.htm
2025-11-05,2025295,124,690,https://www.8200.cn/kjh/p3/2025295.htm
2025-11-06,2025296,052,267,https://www.8200.cn/kjh/p3/2025296.htm
2025-11-07,2025297,453,147,https://www.8200.cn/kjh/p3/2025297.htm
2025-11-08,2025298,141,513,https://www.8200.cn/kjh/p3/2025298.htm
2025-11-09,2025299,300,612,https://www.8200.cn/kjh/p3/2025299.htm
2025-11-10,2025300,843,829,https://www.8200.cn/kjh/p3/2025300.htm
2025-11-11,2025301,582,607,https://www.8200.cn/kjh/p3/2025301.htm
2025-11-12,2025302,016,986,https://www.8200.cn/kjh/p3/2025302.htm
2025-11-13,2025303,943,758,https://www.8200.cn/kjh/p3/2025303.htm
2025-11-14,2025304,079,813,https://www.8200.cn/kjh/p3/2025304.htm
2025-11-15,2025305,497,184,https://www.8200.cn/kjh/p3/2025305.htm
2025-11-16,2025306,178,715,https://www.8200.cn/kjh/p3/2025306.htm
2025-11-17,2025307,618,980,https://www.8200.cn/kjh/p3/2025307.htm
2025-11-18,2025308,234,205,https://www.8200.cn/kjh/p3/2025308.htm
2025-11-19,2025309,527,167,https://www.8200.cn/kjh/p3/2025309.htm
2025-11-20,2025310,016,541,https://www.8200.cn/kjh/p3/2025310.htm
2025-11-21,2025311,114,180,https://www.8200.cn/kjh/p3/2025311.htm
2025-11-22,2025312,109,921,https://www.8200.cn/kjh/p3/2025312.htm
2025-11-23,2025313,445,875,https://www.8200.cn/kjh/p3/2025313.htm
2025-11-24,2025314,802,702,https://www.8200.cn/kjh/p3/2025314.htm
2025-11-25,2025315,973,218,https://www.8200.cn/kjh/p3/2025315.htm
2025-11-26,2025316,918,048,https://www.8200.cn/kjh/p3/2025316.htm
2025-11-27,2025317,756,627,https://www.8200.cn/kjh/p3/2025317.htm
2025-11-28,2025318,438,910,https://www.8200.cn/kjh/p3/2025318.htm
2025-11-29,2025319,865,247,https://www.8200.cn/kjh/p3/2025319.htm
2025-11-30,2025320,725,867,https://www.8200.cn/kjh/p3/2025320.htm
2025-12-01,2025321,568,604,https://www.8200.cn/kjh/p3/2025321.htm
2025-12-02,2025322,148,803,https://www.8200.cn/kjh/p3/2025322.htm
2025-12-03,2025323,687,715,https://www.8200.cn/kjh/p3/2025323.htm
2025-12-04,2025324,513,059,https://www.8200.cn/kjh/p3/2025324.htm
2025-12-05,2025325,836,841,https://www.8200.cn/kjh/p3/2025325.htm
2025-12-06,2025326,045,704,https://www.8200.cn/kjh/p3/2025326.htm
2025-12-07,2025327,829,524,https://www.8200.cn/kjh/p3/2025327.htm
2025-12-08,2025328,825,805,https://www.8200.cn/kjh/p3/2025328.htm
2025-12-09,2025329,370,527,https://www.8200.cn/kjh/p3/2025329.htm
2025-12-10,2025330,594,975,https://www.8200.cn/kjh/p3/2025330.htm
2025-12-11,2025331,980,824,https://www.8200.cn/kjh/p3/2025331.htm
2025-12-12,2025332,939,172,https://www.8200.cn/kjh/p3/2025332.htm
2025-12-13,2025333,961,410,https://www.8200.cn/kjh/p3/2025333.htm
2025-12-14,2025334,583,786,https://www.8200.cn/kjh/p3/2025334.htm
2025-12-15,2025335,276,702,https://www.8200.cn/kjh/p3/2025335.htm
2025-12-16,2025336,412,218,https://www.8200.cn/kjh/p3/2025336.htm
2025-12-17,2025337,554,403,https://www.8200.cn/kjh/p3/2025337.htm
2025-12-18,2025338,164,916,https://www.8200.cn/kjh/p3/2025338.htm
2025-12-19,2025339,900,693,https://www.8200.cn/kjh/p3/2025339.htm
2025-12-20,2025340,255,419,https://www.8200.cn/kjh/p3/2025340.htm
2025-12-21,2025341,817,637,https://www.8200.cn/kjh/p3/2025341.htm
2025-12-22,2025342,079,086,https://www.8200.cn/kjh/p3/2025342.htm
2025-12-23,2025343,012,736,https://www.8200.cn/kjh/p3/2025343.htm
2025-12-24,2025344,495,241,https://www.8200.cn/kjh/p3/2025344.htm
2025-12-25,2025345,431,834,https://www.8200.cn/kjh/p3/2025345.htm
2025-12-26,2025346,826,905,https://www.8200.cn/kjh/p3/2025346.htm
2025-12-27,2025347,695,254,https://www.8200.cn/kjh/p3/2025347.htm
2025-12-28,2025348,373,470,https://www.8200.cn/kjh/p3/2025348.htm
2025-12-29,2025349,032,128,https://www.8200.cn/kjh/p3/2025349.htm
2025-12-30,2025350,673,915,https://www.8200.cn/kjh/p3/2025350.htm
2025-12-31,2025351,617,142,https://www.8200.cn/kjh/p3/2025351.htm
2026-01-01,2026001,830,532,https://www.8200.cn/kjh/p3/2026001.htm
2026-01-02,2026002,689,491,https://www.8200.cn/kjh/p3/2026002.htm
2026-01-03,2026003,086,297,https://www.8200.cn/kjh/p3/2026003.htm
2026-01-04,2026004,878,504,https://www.8200.cn/kjh/p3/2026004.htm
2026-01-05,2026005,061,922,https://www.8200.cn/kjh/p3/2026005.htm
2026-01-06,2026006,718,185,https://www.8200.cn/kjh/p3/2026006.htm
2026-01-07,2026007,126,605,https://www.8200.cn/kjh/p3/2026007.htm
2026-01-08,2026008,509,152,https://www.8200.cn/kjh/p3/2026008.htm
2026-01-09,2026009,248,210,https://www.8200.cn/kjh/p3/2026009.htm
2026-01-10,2026010,920,878,https://www.8200.cn/kjh/p3/2026010.htm
2026-01-11,2026011,030,149,https://www.8200.cn/kjh/p3/2026011.htm
2026-01-12,2026012,522,601,https://www.8200.cn/kjh/p3/2026012.htm
2026-01-13,2026013,477,863,https://www.8200.cn/kjh/p3/2026013.htm
2026-01-14,2026014,833,831,https://www.8200.cn/kjh/p3/2026014.htm
2026-01-15,2026015,202,808,https://www.8200.cn/kjh/p3/2026015.htm
2026-01-16,2026016,215,829,https://www.8200.cn/kjh/p3/2026016.htm
2026-01-17,2026017,112,188,https://www.8200.cn/kjh/p3/2026017.htm
2026-01-18,2026018,896,336,https://www.8200.cn/kjh/p3/2026018.htm
2026-01-19,2026019,848,413,https://www.8200.cn/kjh/p3/2026019.htm
2026-01-20,2026020,095,675,https://www.8200.cn/kjh/p3/2026020.htm
2026-01-21,2026021,263,502,https://www.8200.cn/kjh/p3/2026021.htm
2026-01-22,2026022,255,560,https://www.8200.cn/kjh/p3/2026022.htm
2026-01-23,2026023,495,308,https://www.8200.cn/kjh/p3/2026023.htm
2026-01-24,2026024,268,580,https://www.8200.cn/kjh/p3/2026024.htm
2026-01-25,2026025,181,997,https://www.8200.cn/kjh/p3/2026025.htm
2026-01-26,2026026,291,623,https://www.8200.cn/kjh/p3/2026026.htm
2026-01-27,2026027,084,529,https://www.8200.cn/kjh/p3/2026027.htm
2026-01-28,2026028,499,531,https://www.8200.cn/kjh/p3/2026028.htm
2026-01-29,2026029,613,612,https://www.8200.cn/kjh/p3/2026029.htm
2026-01-30,2026030,811,730,https://www.8200.cn/kjh/p3/2026030.htm
2026-01-31,2026031,786,923,https://www.8200.cn/kjh/p3/2026031.htm
2026-02-01,2026032,730,794,https://www.8200.cn/kjh/p3/2026032.htm
2026-02-02,2026033,141,407,https://www.8200.cn/kjh/p3/2026033.htm
2026-02-03,2026034,216,597,https://www.8200.cn/kjh/p3/2026034.htm
2026-02-04,2026035,717,331,https://www.8200.cn/kjh/p3/2026035.htm
2026-02-05,2026036,788,510,https://www.8200.cn/kjh/p3/2026036.htm
2026-02-06,2026037,724,906,https://www.8200.cn/kjh/p3/2026037.htm
2026-02-07,2026038,789,794,https://www.8200.cn/kjh/p3/2026038.htm
2026-02-08,2026039,852,286,https://www.8200.cn/kjh/p3/2026039.htm
2026-02-09,2026040,009,576,https://www.8200.cn/kjh/p3/2026040.htm
2026-02-10,2026041,639,937,https://www.8200.cn/kjh/p3/2026041.htm
2026-02-11,2026042,795,387,https://www.8200.cn/kjh/p3/2026042.htm
2026-02-12,2026043,179,166,https://www.8200.cn/kjh/p3/2026043.htm
2026-02-13,2026044,051,724,https://www.8200.cn/kjh/p3/2026044.htm
2026-02-24,2026045,144,268,https://www.8200.cn/kjh/p3/2026045.htm
2026-02-25,2026046,703,153,https://www.8200.cn/kjh/p3/2026046.htm
2026-02-26,2026047,330,436,https://www.8200.cn/kjh/p3/2026047.htm
2026-02-27,2026048,097,104,https://www.8200.cn/kjh/p3/2026048.htm
2026-02-28,2026049,592,448,https://www.8200.cn/kjh/p3/2026049.htm
2026-03-01,2026050,435,608,https://www.8200.cn/kjh/p3/2026050.htm
2026-03-02,2026051,045,518,https://www.8200.cn/kjh/p3/2026051.htm
2026-03-03,2026052,649,173,https://www.8200.cn/kjh/p3/2026052.htm
2026-03-04,2026053,744,730,https://www.8200.cn/kjh/p3/2026053.htm
2026-03-05,2026054,655,133,https://www.8200.cn/kjh/p3/2026054.htm
2026-03-06,2026055,537,829,https://www.8200.cn/kjh/p3/2026055.htm
2026-03-07,2026056,119,324,https://www.8200.cn/kjh/p3/2026056.htm
2026-03-08,2026057,479,139,https://www.8200.cn/kjh/p3/2026057.htm
2026-03-09,2026058,590,621,https://www.8200.cn/kjh/p3/2026058.htm
2026-03-10,2026059,209,960,https://www.8200.cn/kjh/p3/2026059.htm
2026-03-11,2026060,118,878,https://www.8200.cn/kjh/p3/2026060.htm
2026-03-12,2026061,347,524,https://www.8200.cn/kjh/p3/2026061.htm
2026-03-13,2026062,315,570,https://www.8200.cn/kjh/p3/2026062.htm
2026-03-14,2026063,723,806,https://www.8200.cn/kjh/p3/2026063.htm
2026-03-15,2026064,528,663,https://www.8200.cn/kjh/p3/2026064.htm
2026-03-16,2026065,851,781,https://www.8200.cn/kjh/p3/2026065.htm
2026-03-17,2026066,807,698,https://www.8200.cn/kjh/p3/2026066.htm
2026-03-18,2026067,428,192,https://www.8200.cn/kjh/p3/2026067.htm
2026-03-19,2026068,840,536,https://www.8200.cn/kjh/p3/2026068.htm
2026-03-20,2026069,114,917,https://www.8200.cn/kjh/p3/2026069.htm
2026-03-21,2026070,131,746,https://www.8200.cn/kjh/p3/2026070.htm
2026-03-22,2026071,551,801,https://www.8200.cn/kjh/p3/2026071.htm
2026-03-23,2026072,115,514,https://www.8200.cn/kjh/p3/2026072.htm
2026-03-24,2026073,325,384,https://www.8200.cn/kjh/p3/2026073.htm
2026-03-25,2026074,406,965,https://www.8200.cn/kjh/p3/2026074.htm
2026-03-26,2026075,437,420,https://www.8200.cn/kjh/p3/2026075.htm
2026-03-27,2026076,419,342,https://www.8200.cn/kjh/p3/2026076.htm
2026-03-28,2026077,780,829,https://www.8200.cn/kjh/p3/2026077.htm
2026-03-29,2026078,634,581,https://www.8200.cn/kjh/p3/2026078.htm
2026-03-30,2026079,195,117,https://www.8200.cn/kjh/p3/2026079.htm
2026-03-31,2026080,770,822,https://www.8200.cn/kjh/p3/2026080.htm
2026-04-01,2026081,690,933,https://www.8200.cn/kjh/p3/2026081.htm
2026-04-02,2026082,048,427,https://www.8200.cn/kjh/p3/2026082.htm
2026-04-03,2026083,903,948,https://www.8200.cn/kjh/p3/2026083.htm
2026-04-04,2026084,004,725,https://www.8200.cn/kjh/p3/2026084.htm
2026-04-05,2026085,020,918,https://www.8200.cn/kjh/p3/2026085.htm
2026-04-06,2026086,334,624,https://www.8200.cn/kjh/p3/2026086.htm
2026-04-07,2026087,070,607,https://www.8200.cn/kjh/p3/2026087.htm
2026-04-08,2026088,474,910,https://www.8200.cn/kjh/p3/2026088.htm
2026-04-09,2026089,216,310,https://www.8200.cn/kjh/p3/2026089.htm
2026-04-10,2026090,954,849,https://www.8200.cn/kjh/p3/2026090.htm
2026-04-11,2026091,202,721,https://www.8200.cn/kjh/p3/2026091.htm
2026-04-12,2026092,761,740,https://www.8200.cn/kjh/p3/2026092.htm
2026-04-13,2026093,998,821,https://www.8200.cn/kjh/p3/2026093.htm
2026-04-14,2026094,938,916,https://www.8200.cn/kjh/p3/2026094.htm
2026-04-15,2026095,568,518,https://www.8200.cn/kjh/p3/2026095.htm
2026-04-16,2026096,643,264,https://www.8200.cn/kjh/p3/2026096.htm
2026-04-17,2026097,226,148,https://www.8200.cn/kjh/p3/2026097.htm
2026-04-18,2026098,974,749,https://www.8200.cn/kjh/p3/2026098.htm
2026-04-19,2026099,424,192,https://www.8200.cn/kjh/p3/2026099.htm
2026-04-20,2026100,207,388,https://www.8200.cn/kjh/p3/2026100.htm
2026-04-21,2026101,090,235,https://www.8200.cn/kjh/p3/2026101.htm
2026-04-22,2026102,490,629,https://www.8200.cn/kjh/p3/2026102.htm
2026-04-23,2026103,901,863,https://www.8200.cn/kjh/p3/2026103.htm
2026-04-24,2026104,786,518,https://www.8200.cn/kjh/p3/2026104.htm
2026-04-25,2026105,217,559,https://www.8200.cn/kjh/p3/2026105.htm
2026-04-26,2026106,343,427,https://www.8200.cn/kjh/p3/2026106.htm
2026-04-27,2026107,154,853,https://www.8200.cn/kjh/p3/2026107.htm
2026-04-28,2026108,656,695,https://www.8200.cn/kjh/p3/2026108.htm
2026-04-29,2026109,088,417,https://www.8200.cn/kjh/p3/2026109.htm
2026-04-30,2026110,343,709,https://www.8200.cn/kjh/p3/2026110.htm
2026-05-01,2026111,877,823,https://www.8200.cn/kjh/p3/2026111.htm
2026-05-02,2026112,652,613,https://www.8200.cn/kjh/p3/2026112.htm
2026-05-03,2026113,925,209,https://www.8200.cn/kjh/p3/2026113.htm
2026-05-04,2026114,017,776,https://www.8200.cn/kjh/p3/2026114.htm
2026-05-05,2026115,333,704,https://www.8200.cn/kjh/p3/2026115.htm
2026-05-06,2026116,951,943,https://www.8200.cn/kjh/p3/2026116.htm
2026-05-07,2026117,091,479,https://www.8200.cn/kjh/p3/2026117.htm
2026-05-08,2026118,272,685,https://www.8200.cn/kjh/p3/2026118.htm
2026-05-09,2026119,222,259,https://www.8200.cn/kjh/p3/2026119.htm
2026-05-10,2026120,296,312,https://www.8200.cn/kjh/p3/2026120.htm
2026-05-11,2026121,040,570,https://www.8200.cn/kjh/p3/2026121.htm
2026-05-12,2026122,747,726,https://www.8200.cn/kjh/p3/2026122.htm
2026-05-13,2026123,955,675,https://www.8200.cn/kjh/p3/2026123.htm
2026-05-14,2026124,785,708,https://www.8200.cn/kjh/p3/2026124.htm
2026-05-15,2026125,867,212,https://www.8200.cn/kjh/p3/2026125.htm
2026-05-16,2026126,835,462,https://www.8200.cn/kjh/p3/2026126.htm
2026-05-17,2026127,936,829,https://www.8200.cn/kjh/p3/2026127.htm
2026-05-18,2026128,512,381,https://www.8200.cn/kjh/p3/2026128.htm
2026-05-19,2026129,683,581,https://www.8200.cn/kjh/p3/2026129.htm
2026-05-20,2026130,070,631,https://www.8200.cn/kjh/p3/2026130.htm
2026-05-21,2026131,968,725,https://www.8200.cn/kjh/p3/2026131.htm
2026-05-22,2026132,443,199,https://www.8200.cn/kjh/p3/2026132.htm
2026-05-23,2026133,543,367,https://www.8200.cn/kjh/p3/2026133.htm
2026-05-24,2026134,515,836,https://www.8200.cn/kjh/p3/2026134.htm
2026-05-25,2026135,939,998,https://www.8200.cn/kjh/p3/2026135.htm
2026-05-26,2026136,466,691,https://www.8200.cn/kjh/p3/2026136.htm
2026-05-27,2026137,544,477,https://www.8200.cn/kjh/p3/2026137.htm
2026-05-28,2026138,263,835,https://www.8200.cn/kjh/p3/2026138.htm
2026-05-29,2026139,198,546,https://www.8200.cn/kjh/p3/2026139.htm
2026-05-30,2026140,421,619,https://www.8200.cn/kjh/p3/2026140.htm
2026-05-31,2026141,215,688,https://www.8200.cn/kjh/p3/2026141.htm
2026-06-01,2026142,916,173,https://www.8200.cn/kjh/p3/2026142.htm
2026-06-02,2026143,744,695,https://www.8200.cn/kjh/p3/2026143.htm
2026-06-03,2026144,462,837,https://www.8200.cn/kjh/p3/2026144.htm
2026-06-04,2026145,993,299,https://www.8200.cn/kjh/p3/2026145.htm
2026-06-05,2026146,154,755,https://www.8200.cn/kjh/p3/2026146.htm
2026-06-06,2026147,590,638,https://www.8200.cn/kjh/p3/2026147.htm
2026-06-07,2026148,065,309,https://www.8200.cn/kjh/p3/2026148.htm
2026-06-08,2026149,325,796,https://www.8200.cn/kjh/p3/2026149.htm
2026-06-09,2026150,340,334,https://www.8200.cn/kjh/p3/2026150.htm
2026-06-10,2026151,983,513,https://www.8200.cn/kjh/p3/2026151.htm
2026-06-11,2026152,151,743,https://www.8200.cn/kjh/p3/2026152.htm
2026-06-12,2026153,389,845,https://www.8200.cn/kjh/p3/2026153.htm
2026-06-13,2026154,473,639,https://www.8200.cn/kjh/p3/2026154.htm
2026-06-14,2026155,485,760,https://www.8200.cn/kjh/p3/2026155.htm
2026-06-15,2026156,641,738,https://www.8200.cn/kjh/p3/2026156.htm
2026-06-16,2026157,830,211,https://www.8200.cn/kjh/p3/2026157.htm
2026-06-17,2026158,911,916,https://www.8200.cn/kjh/p3/2026158.htm
2026-06-18,2026159,557,204,https://www.8200.cn/kjh/p3/2026159.htm
2026-06-19,2026160,551,249,https://www.8200.cn/kjh/p3/2026160.htm
2026-06-20,2026161,562,130,https://www.8200.cn/kjh/p3/2026161.htm
2026-06-21,2026162,369,813,https://www.8200.cn/kjh/p3/2026162.htm
2026-06-22,2026163,346,958,https://www.8200.cn/kjh/p3/2026163.htm
2026-06-23,2026164,715,403,https://www.8200.cn/kjh/p3/2026164.htm
2026-06-24,2026165,294,405,https://www.8200.cn/kjh/p3/2026165.htm
2026-06-25,2026166,229,405,https://www.8200.cn/kjh/p3/2026166.htm
2026-06-26,2026167,012,803,https://www.8200.cn/kjh/p3/2026167.htm
2026-06-27,2026168,192,273,https://www.8200.cn/kjh/p3/2026168.htm
2026-06-28,2026169,884,452,https://www.8200.cn/kjh/p3/2026169.htm
2026-06-29,2026170,417,935,https://www.8200.cn/kjh/p3/2026170.htm
2026-06-30,2026171,048,970,https://www.8200.cn/kjh/p3/2026171.htm
2026-07-01,2026172,771,686,https://www.8200.cn/kjh/p3/2026172.htm
2026-07-02,2026173,259,933,https://www.8200.cn/kjh/p3/2026173.htm
2026-07-03,2026174,157,658,https://www.8200.cn/kjh/p3/2026174.htm
2026-07-04,2026175,838,870,https://www.8200.cn/kjh/p3/2026175.htm
2026-07-05,2026176,584,459,https://www.8200.cn/kjh/p3/2026176.htm
2026-07-06,2026177,826,786,https://www.8200.cn/kjh/p3/2026177.htm
2026-07-07,2026178,837,920,https://www.8200.cn/kjh/p3/2026178.htm
2026-07-08,2026179,396,504,https://www.8200.cn/kjh/p3/2026179.htm
2026-07-09,2026180,005,725,https://www.8200.cn/kjh/p3/2026180.htm
2026-07-10,2026181,124,928,https://www.8200.cn/kjh/p3/2026181.htm
2026-07-11,2026182,313,724,https://www.8200.cn/kjh/p3/2026182.htm
2026-07-12,2026183,352,632,https://www.8200.cn/kjh/p3/2026183.htm
2026-07-13,2026184,142,119,https://www.8200.cn/kjh/p3/2026184.htm
2026-07-14,2026185,785,331,https://www.8200.cn/kjh/p3/2026185.htm
2026-07-15,2026186,665,413,https://www.8200.cn/kjh/p3/2026186.htm
2026-07-16,2026187,086,587,https://www.8200.cn/kjh/p3/2026187.htm
2026-07-17,2026188,607,825,https://www.8200.cn/kjh/p3/2026188.htm
2026-07-18,2026189,950,288,https://www.8200.cn/kjh/p3/2026189.htm
2026-07-19,2026190,554,612,https://www.8200.cn/kjh/p3/2026190.htm
2026-07-20,2026191,069,487,https://www.8200.cn/kjh/p3/2026191.htm
2026-07-21,2026192,306,128,https://www.8200.cn/kjh/p3/2026192.htm
2026-07-22,2026193,180,926,https://www.8200.cn/kjh/p3/2026193.htm
2026-07-23,2026194,701,146,https://www.8200.cn/kjh/p3/2026194.htm
2026-07-24,2026195,595,360,https://www.8200.cn/kjh/p3/2026195.htm
2026-07-25,2026196,726,495,https://www.8200.cn/kjh/p3/2026196.htm
2026-07-26,2026197,473,178,https://www.8200.cn/kjh/p3/2026197.htm
2026-07-27,2026198,719,203,https://www.8200.cn/kjh/p3/2026198.htm
2026-07-28,2026199,305,848,https://www.8200.cn/kjh/p3/2026199.htm
2026-07-29,2026200,077,140,https://www.8200.cn/kjh/p3/2026200.htm
2026-07-30,2026201,862,360,https://www.8200.cn/kjh/p3/2026201.htm
2026-07-31,2026202,961,264,https://www.8200.cn/kjh/p3/2026202.htm
2026-08-01,2026203,135,378,https://www.8200.cn/kjh/p3/2026203.htm
2026-08-02,2026204,674,548,https://www.8200.cn/kjh/p3/2026204.htm
2026-08-03,2026205,806,540,https://www.8200.cn/kjh/p3/2026205.htm
2026-08-04,2026206,709,638,https://www.8200.cn/kjh/p3/2026206.htm
2026-08-05,2026207,866,653,https://www.8200.cn/kjh/p3/2026207.htm
2026-08-06,2026208,471,055,https://www.8200.cn/kjh/p3/2026208.htm
2026-08-07,2026209,982,588,https://www.8200.cn/kjh/p3/2026209.htm
2026-08-08,2026210,094,793,https://www.8200.cn/kjh/p3/2026210.htm
2026-08-09,2026211,515,613,https://www.8200.cn/kjh/p3/2026211.htm
2026-08-10,2026212,839,957,https://www.8200.cn/kjh/p3/2026212.htm
2026-08-11,2026213,740,734,https://www.8200.cn/kjh/p3/2026213.htm
2026-08-12,2026214,014,480,https://www.8200.cn/kjh/p3/2026214.htm
2026-08-13,2026215,927,778,https://www.8200.cn/kjh/p3/2026215.htm
